category,method,route,purpose,request_schema,response_schema,authentication,frontend_caller,backend_handler,database_effect,filesystem_effect,ai_provider_use,status,evidence
legacy/unused,POST,/debug/transcribe,Debug transcribe,file: UploadFile; provider: Optional[str]; terms: Optional[str],handler-defined,None implemented,No direct static match found,debug_transcribe,Handler-specific; inspect cited symbol,Handler-specific; uploads/renders may write files,Handler-specific; analysis/transcription/RAG routes may call providers,CONFIGURATION_DEPENDENT,backend/app/api/routes/debug.py:24 debug_transcribe
legacy/unused,POST,/debug/extract-audio,Debug extract audio,file: UploadFile,handler-defined,None implemented,No direct static match found,debug_extract_audio,Handler-specific; inspect cited symbol,Handler-specific; uploads/renders may write files,Handler-specific; analysis/transcription/RAG routes may call providers,CONFIGURATION_DEPENDENT,backend/app/api/routes/debug.py:149 debug_extract_audio
legacy/unused,GET,/debug/config,Debug config,None/path-query only,handler-defined,None implemented,No direct static match found,debug_config,Handler-specific; inspect cited symbol,Handler-specific; uploads/renders may write files,Handler-specific; analysis/transcription/RAG routes may call providers,CONFIGURATION_DEPENDENT,backend/app/api/routes/debug.py:213 debug_config
legacy/unused,GET,/debug/rag/stats,Debug rag stats,None/path-query only,handler-defined,None implemented,No direct static match found,debug_rag_stats,Handler-specific; inspect cited symbol,Handler-specific; uploads/renders may write files,Handler-specific; analysis/transcription/RAG routes may call providers,CONFIGURATION_DEPENDENT,backend/app/api/routes/debug.py:253 debug_rag_stats
legacy/unused,POST,/debug/rag/search,Debug rag search,query: str; top_k: int; source_type: Optional[str]; score_threshold: float,handler-defined,None implemented,No direct static match found,debug_rag_search,Handler-specific; inspect cited symbol,Handler-specific; uploads/renders may write files,Handler-specific; analysis/transcription/RAG routes may call providers,CONFIGURATION_DEPENDENT,backend/app/api/routes/debug.py:263 debug_rag_search
legacy/unused,POST,/debug/rag/extract-text,Debug extract text,file: UploadFile,handler-defined,None implemented,No direct static match found,debug_extract_text,Handler-specific; inspect cited symbol,Handler-specific; uploads/renders may write files,Handler-specific; analysis/transcription/RAG routes may call providers,CONFIGURATION_DEPENDENT,backend/app/api/routes/debug.py:299 debug_extract_text
legacy/unused,POST,/debug/rag/reset,Debug rag reset,None/path-query only,handler-defined,None implemented,No direct static match found,debug_rag_reset,Handler-specific; inspect cited symbol,Handler-specific; uploads/renders may write files,Handler-specific; analysis/transcription/RAG routes may call providers,CONFIGURATION_DEPENDENT,backend/app/api/routes/debug.py:368 debug_rag_reset
legacy/unused,POST,/debug/agents/run/{agent_name},Debug run agent,agent_name: str; video_id: str,handler-defined,None implemented,No direct static match found,debug_run_agent,Handler-specific; inspect cited symbol,Handler-specific; uploads/renders may write files,Handler-specific; analysis/transcription/RAG routes may call providers,CONFIGURATION_DEPENDENT,backend/app/api/routes/debug.py:382 debug_run_agent
legacy/unused,GET,/debug/agents/segments/{video_id},Debug view segments,video_id: str; limit: int,handler-defined,None implemented,No direct static match found,debug_view_segments,Handler-specific; inspect cited symbol,Handler-specific; uploads/renders may write files,Handler-specific; analysis/transcription/RAG routes may call providers,CONFIGURATION_DEPENDENT,backend/app/api/routes/debug.py:447 debug_view_segments
legacy/unused,GET,/debug/agents/scenes/{video_id},Debug view scenes,video_id: str,handler-defined,None implemented,No direct static match found,debug_view_scenes,Handler-specific; inspect cited symbol,Handler-specific; uploads/renders may write files,Handler-specific; analysis/transcription/RAG routes may call providers,CONFIGURATION_DEPENDENT,backend/app/api/routes/debug.py:498 debug_view_scenes
legacy/unused,POST,/debug/render/force-approve/{video_id},Debug force approve,video_id: str,handler-defined,None implemented,No direct static match found,debug_force_approve,Handler-specific; inspect cited symbol,Handler-specific; uploads/renders may write files,Handler-specific; analysis/transcription/RAG routes may call providers,CONFIGURATION_DEPENDENT,backend/app/api/routes/debug.py:536 debug_force_approve
legacy/unused,POST,/debug/render/run/{video_id},Debug render,video_id: str,handler-defined,None implemented,No direct static match found,debug_render,Handler-specific; inspect cited symbol,Handler-specific; uploads/renders may write files,Handler-specific; analysis/transcription/RAG routes may call providers,CONFIGURATION_DEPENDENT,backend/app/api/routes/debug.py:561 debug_render
legacy/unused,GET,/debug/render/exports/{video_id},Debug view exports,video_id: str,handler-defined,None implemented,No direct static match found,debug_view_exports,Handler-specific; inspect cited symbol,Handler-specific; uploads/renders may write files,Handler-specific; analysis/transcription/RAG routes may call providers,CONFIGURATION_DEPENDENT,backend/app/api/routes/debug.py:592 debug_view_exports
health/settings,GET,/api/v1/settings/models/local-transcription,Get local transcription model catalog,None/path-query only,LocalTranscriptionModelCatalogResponse,None implemented,No direct static match found,get_local_transcription_model_catalog,Handler-specific; inspect cited symbol,Handler-specific; uploads/renders may write files,Handler-specific; analysis/transcription/RAG routes may call providers,IMPLEMENTED_AND_CONNECTED,backend/app/api/routes/models.py:31 get_local_transcription_model_catalog
health/settings,POST,/api/v1/settings/models/local-transcription/{model_id}/download,Download local transcription model,model_id: str,LocalTranscriptionModelDownloadResponse,None implemented,No direct static match found,download_local_transcription_model,Handler-specific; inspect cited symbol,Handler-specific; uploads/renders may write files,Handler-specific; analysis/transcription/RAG routes may call providers,IMPLEMENTED_AND_CONNECTED,backend/app/api/routes/models.py:80 download_local_transcription_model
health/settings,GET,/api/v1/settings/models/local-transcription/{model_id}/download,Get local transcription model download,model_id: str,LocalTranscriptionModelDownloadResponse,None implemented,No direct static match found,get_local_transcription_model_download,Handler-specific; inspect cited symbol,Handler-specific; uploads/renders may write files,Handler-specific; analysis/transcription/RAG routes may call providers,IMPLEMENTED_AND_CONNECTED,backend/app/api/routes/models.py:97 get_local_transcription_model_download
health/settings,DELETE,/api/v1/settings/models/local-transcription/{model_id},Remove local transcription model,model_id: str,LocalTranscriptionModelRemoveResponse,None implemented,No direct static match found,remove_local_transcription_model,Handler-specific; inspect cited symbol,Handler-specific; uploads/renders may write files,Handler-specific; analysis/transcription/RAG routes may call providers,IMPLEMENTED_AND_CONNECTED,backend/app/api/routes/models.py:112 remove_local_transcription_model
projects,POST,/api/v1/projects,Create project,None/path-query only,ProjectDetailResponse,None implemented,No direct static match found,create_project,Handler-specific; inspect cited symbol,Handler-specific; uploads/renders may write files,Handler-specific; analysis/transcription/RAG routes may call providers,IMPLEMENTED_AND_CONNECTED,backend/app/api/routes/projects.py:635 create_project
projects,GET,/api/v1/projects,List projects,None/path-query only,None,None implemented,desktop/src/lib/api.ts:314 listProjects; desktop/src/lib/api.ts:337 getProjectSourceSyncPlan; desktop/src/lib/api.ts:341 applyProjectSourceSyncMetadata,list_projects,Handler-specific; inspect cited symbol,Handler-specific; uploads/renders may write files,Handler-specific; analysis/transcription/RAG routes may call providers,IMPLEMENTED_AND_CONNECTED,backend/app/api/routes/projects.py:669 list_projects
projects,GET,/api/v1/projects/{project_id},Get project,project_id: UUID,ProjectDetailResponse,None implemented,desktop/src/lib/api.ts:307 createProject; desktop/src/lib/api.ts:314 listProjects; desktop/src/lib/api.ts:318 getProject; desktop/src/lib/api.ts:322 updateProject,get_project,Handler-specific; inspect cited symbol,Handler-specific; uploads/renders may write files,Handler-specific; analysis/transcription/RAG routes may call providers,IMPLEMENTED_AND_CONNECTED,backend/app/api/routes/projects.py:676 get_project
projects,PATCH,/api/v1/projects/{project_id},Update project,project_id: UUID,ProjectDetailResponse,None implemented,No direct static match found,update_project,Handler-specific; inspect cited symbol,Handler-specific; uploads/renders may write files,Handler-specific; analysis/transcription/RAG routes may call providers,IMPLEMENTED_AND_CONNECTED,backend/app/api/routes/projects.py:690 update_project
projects,DELETE,/api/v1/projects/{project_id},Delete project,project_id: UUID,handler-defined,None implemented,No direct static match found,delete_project,Handler-specific; inspect cited symbol,Handler-specific; uploads/renders may write files,Handler-specific; analysis/transcription/RAG routes may call providers,IMPLEMENTED_AND_CONNECTED,backend/app/api/routes/projects.py:719 delete_project
projects,GET,/api/v1/projects/{project_id}/assets,List project assets,project_id: UUID,None,None implemented,No direct static match found,list_project_assets,Handler-specific; inspect cited symbol,Handler-specific; uploads/renders may write files,Handler-specific; analysis/transcription/RAG routes may call providers,IMPLEMENTED_AND_CONNECTED,backend/app/api/routes/projects.py:756 list_project_assets
projects,GET,/api/v1/projects/{project_id}/source-sync,Get project source sync plan,project_id: UUID,ProjectSourceSyncPlanResponse,None implemented,No direct static match found,get_project_source_sync_plan,Handler-specific; inspect cited symbol,Handler-specific; uploads/renders may write files,Handler-specific; analysis/transcription/RAG routes may call providers,IMPLEMENTED_AND_CONNECTED,backend/app/api/routes/projects.py:829 get_project_source_sync_plan
projects,POST,/api/v1/projects/{project_id}/source-sync/apply-metadata,Apply project source sync metadata,project_id: UUID,ProjectSourceSyncPlanResponse,None implemented,No direct static match found,apply_project_source_sync_metadata,Handler-specific; inspect cited symbol,Handler-specific; uploads/renders may write files,Handler-specific; analysis/transcription/RAG routes may call providers,IMPLEMENTED_AND_CONNECTED,backend/app/api/routes/projects.py:836 apply_project_source_sync_metadata
projects,POST,/api/v1/projects/{project_id}/assets/upload,Upload project asset,project_id: UUID; asset_type: AssetUploadType; is_primary: bool; metadata: str | None; file: UploadFile,ProjectAssetUploadResponse,None implemented,No direct static match found,upload_project_asset,Handler-specific; inspect cited symbol,Handler-specific; uploads/renders may write files,Handler-specific; analysis/transcription/RAG routes may call providers,IMPLEMENTED_AND_CONNECTED,backend/app/api/routes/projects.py:870 upload_project_asset
projects,POST,/api/v1/projects/{project_id}/videos/upload,Upload project primary video,project_id: UUID; file: UploadFile,VideoUploadResponse,None implemented,No direct static match found,upload_project_primary_video,Handler-specific; inspect cited symbol,Handler-specific; uploads/renders may write files,Handler-specific; analysis/transcription/RAG routes may call providers,IMPLEMENTED_AND_CONNECTED,backend/app/api/routes/projects.py:890 upload_project_primary_video
projects,POST,/api/v1/projects/{project_id}/imports/native/primary/init,Init native project primary import,project_id: UUID,NativeImportInitResponse,None implemented,No direct static match found,init_native_project_primary_import,Handler-specific; inspect cited symbol,Handler-specific; uploads/renders may write files,Handler-specific; analysis/transcription/RAG routes may call providers,IMPLEMENTED_AND_CONNECTED,backend/app/api/routes/projects.py:1007 init_native_project_primary_import
projects,POST,/api/v1/projects/{project_id}/imports/browser/primary/init,Init browser project primary import,project_id: UUID,NativeImportInitResponse,None implemented,No direct static match found,init_browser_project_primary_import,Handler-specific; inspect cited symbol,Handler-specific; uploads/renders may write files,Handler-specific; analysis/transcription/RAG routes may call providers,IMPLEMENTED_AND_CONNECTED,backend/app/api/routes/projects.py:1066 init_browser_project_primary_import
projects,POST,/api/v1/projects/{project_id}/imports/native/primary/{token}/finalize,Finalize native project primary import,project_id: UUID; token: str,VideoUploadResponse,None implemented,No direct static match found,finalize_native_project_primary_import,Handler-specific; inspect cited symbol,Handler-specific; uploads/renders may write files,Handler-specific; analysis/transcription/RAG routes may call providers,IMPLEMENTED_AND_CONNECTED,backend/app/api/routes/projects.py:1125 finalize_native_project_primary_import
projects,POST,/api/v1/projects/{project_id}/imports/native/primary/{token}/cancel,Cancel native project primary import,project_id: UUID; token: str,NativeImportCancelResponse,None implemented,No direct static match found,cancel_native_project_primary_import,Handler-specific; inspect cited symbol,Handler-specific; uploads/renders may write files,Handler-specific; analysis/transcription/RAG routes may call providers,IMPLEMENTED_AND_CONNECTED,backend/app/api/routes/projects.py:1161 cancel_native_project_primary_import
projects,GET,/api/v1/projects/{project_id}/imports/browser/primary/{token},Get browser project primary import status,project_id: UUID; token: str,PrimaryImportStatusResponse,None implemented,No direct static match found,get_browser_project_primary_import_status,Handler-specific; inspect cited symbol,Handler-specific; uploads/renders may write files,Handler-specific; analysis/transcription/RAG routes may call providers,IMPLEMENTED_AND_CONNECTED,backend/app/api/routes/projects.py:1191 get_browser_project_primary_import_status
projects,PUT,/api/v1/projects/{project_id}/imports/browser/primary/{token}/chunk,Append browser project primary import chunk,project_id: UUID; token: str; offset: int,PrimaryImportChunkResponse,None implemented,No direct static match found,append_browser_project_primary_import_chunk,Handler-specific; inspect cited symbol,Handler-specific; uploads/renders may write files,Handler-specific; analysis/transcription/RAG routes may call providers,IMPLEMENTED_AND_CONNECTED,backend/app/api/routes/projects.py:1216 append_browser_project_primary_import_chunk
projects,POST,/api/v1/projects/{project_id}/imports/browser/primary/{token}/finalize,Finalize browser project primary import,project_id: UUID; token: str,VideoUploadResponse,None implemented,No direct static match found,finalize_browser_project_primary_import,Handler-specific; inspect cited symbol,Handler-specific; uploads/renders may write files,Handler-specific; analysis/transcription/RAG routes may call providers,IMPLEMENTED_AND_CONNECTED,backend/app/api/routes/projects.py:1269 finalize_browser_project_primary_import
projects,POST,/api/v1/projects/{project_id}/imports/browser/primary/{token}/cancel,Cancel browser project primary import,project_id: UUID; token: str,NativeImportCancelResponse,None implemented,No direct static match found,cancel_browser_project_primary_import,Handler-specific; inspect cited symbol,Handler-specific; uploads/renders may write files,Handler-specific; analysis/transcription/RAG routes may call providers,IMPLEMENTED_AND_CONNECTED,backend/app/api/routes/projects.py:1305 cancel_browser_project_primary_import
projects,GET,/api/v1/projects/{project_id}/imports/native/orphans,List native project import orphans,project_id: UUID,NativeImportOrphanReport,None implemented,No direct static match found,list_native_project_import_orphans,Handler-specific; inspect cited symbol,Handler-specific; uploads/renders may write files,Handler-specific; analysis/transcription/RAG routes may call providers,IMPLEMENTED_AND_CONNECTED,backend/app/api/routes/projects.py:1335 list_native_project_import_orphans
projects,POST,/api/v1/projects/{project_id}/assets/video,Upload project video asset,project_id: UUID; is_primary: bool; metadata: str | None; file: UploadFile,ProjectAssetUploadResponse,None implemented,No direct static match found,upload_project_video_asset,Handler-specific; inspect cited symbol,Handler-specific; uploads/renders may write files,Handler-specific; analysis/transcription/RAG routes may call providers,IMPLEMENTED_AND_CONNECTED,backend/app/api/routes/projects.py:1360 upload_project_video_asset
projects,POST,/api/v1/projects/{project_id}/assets/screen,Upload project screen asset,project_id: UUID; metadata: str | None; file: UploadFile,ProjectAssetUploadResponse,None implemented,No direct static match found,upload_project_screen_asset,Handler-specific; inspect cited symbol,Handler-specific; uploads/renders may write files,Handler-specific; analysis/transcription/RAG routes may call providers,IMPLEMENTED_AND_CONNECTED,backend/app/api/routes/projects.py:1372 upload_project_screen_asset
projects,POST,/api/v1/projects/{project_id}/assets/camera,Upload project camera asset,project_id: UUID; metadata: str | None; file: UploadFile,ProjectAssetUploadResponse,None implemented,No direct static match found,upload_project_camera_asset,Handler-specific; inspect cited symbol,Handler-specific; uploads/renders may write files,Handler-specific; analysis/transcription/RAG routes may call providers,IMPLEMENTED_AND_CONNECTED,backend/app/api/routes/projects.py:1383 upload_project_camera_asset
projects,POST,/api/v1/projects/{project_id}/assets/webcam,Upload project webcam asset,project_id: UUID; metadata: str | None; file: UploadFile,ProjectAssetUploadResponse,None implemented,No direct static match found,upload_project_webcam_asset,Handler-specific; inspect cited symbol,Handler-specific; uploads/renders may write files,Handler-specific; analysis/transcription/RAG routes may call providers,IMPLEMENTED_AND_CONNECTED,backend/app/api/routes/projects.py:1394 upload_project_webcam_asset
projects,POST,/api/v1/projects/{project_id}/assets/phone-camera,Upload project phone camera asset,project_id: UUID; metadata: str | None; file: UploadFile,ProjectAssetUploadResponse,None implemented,No direct static match found,upload_project_phone_camera_asset,Handler-specific; inspect cited symbol,Handler-specific; uploads/renders may write files,Handler-specific; analysis/transcription/RAG routes may call providers,IMPLEMENTED_AND_CONNECTED,backend/app/api/routes/projects.py:1405 upload_project_phone_camera_asset
projects,POST,/api/v1/projects/{project_id}/assets/audio,Upload project audio asset,project_id: UUID; is_primary: bool; metadata: str | None; file: UploadFile,ProjectAssetUploadResponse,None implemented,No direct static match found,upload_project_audio_asset,Handler-specific; inspect cited symbol,Handler-specific; uploads/renders may write files,Handler-specific; analysis/transcription/RAG routes may call providers,IMPLEMENTED_AND_CONNECTED,backend/app/api/routes/projects.py:1416 upload_project_audio_asset
projects,POST,/api/v1/projects/{project_id}/assets/slides,Upload project slide asset,project_id: UUID; metadata: str | None; file: UploadFile,ProjectAssetUploadResponse,None implemented,No direct static match found,upload_project_slide_asset,Handler-specific; inspect cited symbol,Handler-specific; uploads/renders may write files,Handler-specific; analysis/transcription/RAG routes may call providers,IMPLEMENTED_AND_CONNECTED,backend/app/api/routes/projects.py:1428 upload_project_slide_asset
projects,POST,/api/v1/projects/{project_id}/assets/notes,Upload project notes asset,project_id: UUID; metadata: str | None; file: UploadFile,ProjectAssetUploadResponse,None implemented,No direct static match found,upload_project_notes_asset,Handler-specific; inspect cited symbol,Handler-specific; uploads/renders may write files,Handler-specific; analysis/transcription/RAG routes may call providers,IMPLEMENTED_AND_CONNECTED,backend/app/api/routes/projects.py:1439 upload_project_notes_asset
projects,POST,/api/v1/projects/{project_id}/assets/materials,Upload project supporting material asset,project_id: UUID; metadata: str | None; file: UploadFile,ProjectAssetUploadResponse,None implemented,No direct static match found,upload_project_supporting_material_asset,Handler-specific; inspect cited symbol,Handler-specific; uploads/renders may write files,Handler-specific; analysis/transcription/RAG routes may call providers,IMPLEMENTED_AND_CONNECTED,backend/app/api/routes/projects.py:1450 upload_project_supporting_material_asset
projects,GET,/api/v1/projects/{project_id}/assets/{asset_id},Get project asset,project_id: UUID; asset_id: UUID,ProjectAssetResponse,None implemented,No direct static match found,get_project_asset,Handler-specific; inspect cited symbol,Handler-specific; uploads/renders may write files,Handler-specific; analysis/transcription/RAG routes may call providers,IMPLEMENTED_AND_CONNECTED,backend/app/api/routes/projects.py:1461 get_project_asset
projects,PUT,/api/v1/projects/{project_id}/assets/{asset_id}/sync,Update project asset sync offset,project_id: UUID; asset_id: UUID,ProjectAssetResponse,None implemented,No direct static match found,update_project_asset_sync_offset,Handler-specific; inspect cited symbol,Handler-specific; uploads/renders may write files,Handler-specific; analysis/transcription/RAG routes may call providers,IMPLEMENTED_AND_CONNECTED,backend/app/api/routes/projects.py:1474 update_project_asset_sync_offset
projects,PATCH,/api/v1/projects/{project_id}/assets/{asset_id}/metadata,Update project asset metadata,project_id: UUID; asset_id: UUID,ProjectAssetResponse,None implemented,No direct static match found,update_project_asset_metadata,Handler-specific; inspect cited symbol,Handler-specific; uploads/renders may write files,Handler-specific; analysis/transcription/RAG routes may call providers,IMPLEMENTED_AND_CONNECTED,backend/app/api/routes/projects.py:1524 update_project_asset_metadata
projects,GET,/api/v1/projects/{project_id}/assets/{asset_id}/download,Download project asset,project_id: UUID; asset_id: UUID,handler-defined,None implemented,No direct static match found,download_project_asset,Handler-specific; inspect cited symbol,Handler-specific; uploads/renders may write files,Handler-specific; analysis/transcription/RAG routes may call providers,IMPLEMENTED_AND_CONNECTED,backend/app/api/routes/projects.py:1557 download_project_asset
projects,DELETE,/api/v1/projects/{project_id}/assets/{asset_id},Delete project asset,project_id: UUID; asset_id: UUID,handler-defined,None implemented,No direct static match found,delete_project_asset,Handler-specific; inspect cited symbol,Handler-specific; uploads/renders may write files,Handler-specific; analysis/transcription/RAG routes may call providers,IMPLEMENTED_AND_CONNECTED,backend/app/api/routes/projects.py:1577 delete_project_asset
assets,POST,/api/v1/videos/upload,Upload video,file: UploadFile,VideoUploadResponse,None implemented,No direct static match found,upload_video,Handler-specific; inspect cited symbol,Handler-specific; uploads/renders may write files,Handler-specific; analysis/transcription/RAG routes may call providers,IMPLEMENTED_AND_CONNECTED,backend/app/api/routes/videos.py:129 upload_video
analysis,POST,/api/v1/videos/{video_id}/process,Start video processing,video_id: str,handler-defined,None implemented,No direct static match found,start_video_processing,Handler-specific; inspect cited symbol,Handler-specific; uploads/renders may write files,Handler-specific; analysis/transcription/RAG routes may call providers,IMPLEMENTED_AND_CONNECTED,backend/app/api/routes/videos.py:273 start_video_processing
videos,GET,/api/v1/videos,List videos,None/path-query only,None,None implemented,desktop/src/lib/api.ts:568 listVideos,list_videos,Handler-specific; inspect cited symbol,Handler-specific; uploads/renders may write files,Handler-specific; analysis/transcription/RAG routes may call providers,IMPLEMENTED_AND_CONNECTED,backend/app/api/routes/videos.py:323 list_videos
videos,GET,/api/v1/videos/{video_id},Get video,video_id: str,VideoDetailResponse,None implemented,desktop/src/lib/api.ts:266 pickNativePrimaryVideoPath; desktop/src/lib/api.ts:394 uploadProjectPrimaryVideo; desktop/src/lib/api.ts:551 uploadVideo; desktop/src/lib/api.ts:564 startVideoProcessing,get_video,Handler-specific; inspect cited symbol,Handler-specific; uploads/renders may write files,Handler-specific; analysis/transcription/RAG routes may call providers,IMPLEMENTED_AND_CONNECTED,backend/app/api/routes/videos.py:332 get_video
analysis,GET,/api/v1/videos/{video_id}/status,Get processing status,video_id: str,handler-defined,None implemented,No direct static match found,get_processing_status,Handler-specific; inspect cited symbol,Handler-specific; uploads/renders may write files,Handler-specific; analysis/transcription/RAG routes may call providers,IMPLEMENTED_AND_CONNECTED,backend/app/api/routes/videos.py:353 get_processing_status
transcription,GET,/api/v1/videos/{video_id}/transcript/timeline,Get transcript timeline,video_id: str,TranscriptTimelineResponse,None implemented,No direct static match found,get_transcript_timeline,Handler-specific; inspect cited symbol,Handler-specific; uploads/renders may write files,Handler-specific; analysis/transcription/RAG routes may call providers,IMPLEMENTED_AND_CONNECTED,backend/app/api/routes/videos.py:414 get_transcript_timeline
transcription,GET,/api/v1/videos/{video_id}/transcript/cuts,Get transcript cut decisions,video_id: str,None,None implemented,No direct static match found,get_transcript_cut_decisions,Handler-specific; inspect cited symbol,Handler-specific; uploads/renders may write files,Handler-specific; analysis/transcription/RAG routes may call providers,IMPLEMENTED_AND_CONNECTED,backend/app/api/routes/videos.py:440 get_transcript_cut_decisions
transcription,POST,/api/v1/videos/{video_id}/transcript/cuts,Create transcript cut,video_id: str,TranscriptCutDecisionResponse,None implemented,No direct static match found,create_transcript_cut,Handler-specific; inspect cited symbol,Handler-specific; uploads/renders may write files,Handler-specific; analysis/transcription/RAG routes may call providers,IMPLEMENTED_AND_CONNECTED,backend/app/api/routes/videos.py:454 create_transcript_cut
transcription,DELETE,/api/v1/videos/{video_id}/transcript/cuts/{decision_id},Delete transcript cut,video_id: str; decision_id: str,handler-defined,None implemented,No direct static match found,delete_transcript_cut,Handler-specific; inspect cited symbol,Handler-specific; uploads/renders may write files,Handler-specific; analysis/transcription/RAG routes may call providers,IMPLEMENTED_AND_CONNECTED,backend/app/api/routes/videos.py:513 delete_transcript_cut
health/settings,PUT,/api/v1/videos/{video_id}/transcript/cuts/{decision_id}/trim,Update transcript cut trim settings,video_id: str; decision_id: str,TranscriptCutDecisionResponse,None implemented,No direct static match found,update_transcript_cut_trim_settings,Handler-specific; inspect cited symbol,Handler-specific; uploads/renders may write files,Handler-specific; analysis/transcription/RAG routes may call providers,IMPLEMENTED_AND_CONNECTED,backend/app/api/routes/videos.py:538 update_transcript_cut_trim_settings
transcription,POST,/api/v1/videos/{video_id}/transcript/cuts/{decision_id}/restore-word,Restore transcript cut word,video_id: str; decision_id: str,None,None implemented,No direct static match found,restore_transcript_cut_word,Handler-specific; inspect cited symbol,Handler-specific; uploads/renders may write files,Handler-specific; analysis/transcription/RAG routes may call providers,IMPLEMENTED_AND_CONNECTED,backend/app/api/routes/videos.py:577 restore_transcript_cut_word
videos,GET,/api/v1/videos/{video_id}/edit-decision-sync,Get edit decision sync,video_id: str,EditDecisionSyncResponse,None implemented,No direct static match found,get_edit_decision_sync,Handler-specific; inspect cited symbol,Handler-specific; uploads/renders may write files,Handler-specific; analysis/transcription/RAG routes may call providers,IMPLEMENTED_AND_CONNECTED,backend/app/api/routes/videos.py:627 get_edit_decision_sync
edit plans,GET,/api/v1/videos/{video_id}/clean/analyze,Analyze clean tools,video_id: str; profile: str,CleanAnalyzeResponse,None implemented,No direct static match found,analyze_clean_tools,Handler-specific; inspect cited symbol,Handler-specific; uploads/renders may write files,Handler-specific; analysis/transcription/RAG routes may call providers,IMPLEMENTED_AND_CONNECTED,backend/app/api/routes/videos.py:654 analyze_clean_tools
edit plans,POST,/api/v1/videos/{video_id}/clean/apply,Apply clean tools,video_id: str,CleanApplyResponse,None implemented,No direct static match found,apply_clean_tools,Handler-specific; inspect cited symbol,Handler-specific; uploads/renders may write files,Handler-specific; analysis/transcription/RAG routes may call providers,IMPLEMENTED_AND_CONNECTED,backend/app/api/routes/videos.py:695 apply_clean_tools
edit plans,GET,/api/v1/videos/{video_id}/segments,Get segments,video_id: str,None,None implemented,desktop/src/lib/api.ts:657 getSegments; desktop/src/lib/api.ts:678 bulkUpdateSegments,get_segments,Handler-specific; inspect cited symbol,Handler-specific; uploads/renders may write files,Handler-specific; analysis/transcription/RAG routes may call providers,IMPLEMENTED_AND_CONNECTED,backend/app/api/routes/videos.py:753 get_segments
edit plans,PUT,/api/v1/videos/{video_id}/segments/{segment_id},Update segment,video_id: str; segment_id: str; update: SegmentUpdateRequest,handler-defined,None implemented,No direct static match found,update_segment,Handler-specific; inspect cited symbol,Handler-specific; uploads/renders may write files,Handler-specific; analysis/transcription/RAG routes may call providers,IMPLEMENTED_AND_CONNECTED,backend/app/api/routes/videos.py:764 update_segment
edit plans,PUT,/api/v1/videos/{video_id}/segments/bulk,Bulk update segments,video_id: str,handler-defined,None implemented,No direct static match found,bulk_update_segments,Handler-specific; inspect cited symbol,Handler-specific; uploads/renders may write files,Handler-specific; analysis/transcription/RAG routes may call providers,IMPLEMENTED_AND_CONNECTED,backend/app/api/routes/videos.py:787 bulk_update_segments
edit plans,GET,/api/v1/videos/{video_id}/plan,Get edit plan,video_id: str,EditPlanResponse,None implemented,No direct static match found,get_edit_plan,Handler-specific; inspect cited symbol,Handler-specific; uploads/renders may write files,Handler-specific; analysis/transcription/RAG routes may call providers,IMPLEMENTED_AND_CONNECTED,backend/app/api/routes/videos.py:811 get_edit_plan
edit plans,GET,/api/v1/videos/{video_id}/render-plan,Get semantic render plan,video_id: str,handler-defined,None implemented,No direct static match found,get_semantic_render_plan,Handler-specific; inspect cited symbol,Handler-specific; uploads/renders may write files,Handler-specific; analysis/transcription/RAG routes may call providers,IMPLEMENTED_AND_CONNECTED,backend/app/api/routes/videos.py:823 get_semantic_render_plan
edit plans,POST,/api/v1/videos/{video_id}/render-plan/regenerate,Regenerate semantic render plan,video_id: str,handler-defined,None implemented,No direct static match found,regenerate_semantic_render_plan,Handler-specific; inspect cited symbol,Handler-specific; uploads/renders may write files,Handler-specific; analysis/transcription/RAG routes may call providers,IMPLEMENTED_AND_CONNECTED,backend/app/api/routes/videos.py:839 regenerate_semantic_render_plan
visual planning,GET,/api/v1/videos/{video_id}/render-plan/slides/{slide_id},Get semantic render slide,video_id: str; slide_id: str,handler-defined,None implemented,No direct static match found,get_semantic_render_slide,Handler-specific; inspect cited symbol,Handler-specific; uploads/renders may write files,Handler-specific; analysis/transcription/RAG routes may call providers,IMPLEMENTED_AND_CONNECTED,backend/app/api/routes/videos.py:855 get_semantic_render_slide
edit plans,PUT,/api/v1/videos/{video_id}/plan/captions,Update plan captions,video_id: str,EditPlanResponse,None implemented,No direct static match found,update_plan_captions,Handler-specific; inspect cited symbol,Handler-specific; uploads/renders may write files,Handler-specific; analysis/transcription/RAG routes may call providers,IMPLEMENTED_AND_CONNECTED,backend/app/api/routes/videos.py:872 update_plan_captions
visual planning,PUT,/api/v1/videos/{video_id}/plan/layout-cues,Update plan layout cues,video_id: str,EditPlanResponse,None implemented,No direct static match found,update_plan_layout_cues,Handler-specific; inspect cited symbol,Handler-specific; uploads/renders may write files,Handler-specific; analysis/transcription/RAG routes may call providers,IMPLEMENTED_AND_CONNECTED,backend/app/api/routes/videos.py:895 update_plan_layout_cues
visual planning,PUT,/api/v1/videos/{video_id}/plan/slide-cues,Update plan slide cues,video_id: str,EditPlanResponse,None implemented,No direct static match found,update_plan_slide_cues,Handler-specific; inspect cited symbol,Handler-specific; uploads/renders may write files,Handler-specific; analysis/transcription/RAG routes may call providers,IMPLEMENTED_AND_CONNECTED,backend/app/api/routes/videos.py:929 update_plan_slide_cues
edit plans,PUT,/api/v1/videos/{video_id}/plan/editorial-blocks,Update plan editorial blocks,video_id: str,EditPlanResponse,None implemented,No direct static match found,update_plan_editorial_blocks,Handler-specific; inspect cited symbol,Handler-specific; uploads/renders may write files,Handler-specific; analysis/transcription/RAG routes may call providers,IMPLEMENTED_AND_CONNECTED,backend/app/api/routes/videos.py:961 update_plan_editorial_blocks
visual planning,POST,/api/v1/videos/{video_id}/plan/layout-cues/auto,Auto generate plan layout cues,video_id: str,EditPlanResponse,None implemented,No direct static match found,auto_generate_plan_layout_cues,Handler-specific; inspect cited symbol,Handler-specific; uploads/renders may write files,Handler-specific; analysis/transcription/RAG routes may call providers,IMPLEMENTED_AND_CONNECTED,backend/app/api/routes/videos.py:993 auto_generate_plan_layout_cues
edit plans,PUT,/api/v1/videos/{video_id}/plan/annotations,Update plan annotations,video_id: str,EditPlanResponse,None implemented,No direct static match found,update_plan_annotations,Handler-specific; inspect cited symbol,Handler-specific; uploads/renders may write files,Handler-specific; analysis/transcription/RAG routes may call providers,IMPLEMENTED_AND_CONNECTED,backend/app/api/routes/videos.py:1060 update_plan_annotations
edit plans,PUT,/api/v1/videos/{video_id}/plan/educational-overlays,Update plan educational overlays,video_id: str,EditPlanResponse,None implemented,No direct static match found,update_plan_educational_overlays,Handler-specific; inspect cited symbol,Handler-specific; uploads/renders may write files,Handler-specific; analysis/transcription/RAG routes may call providers,IMPLEMENTED_AND_CONNECTED,backend/app/api/routes/videos.py:1083 update_plan_educational_overlays
edit plans,PUT,/api/v1/videos/{video_id}/plan/end-cards,Update plan end cards,video_id: str,EditPlanResponse,None implemented,No direct static match found,update_plan_end_cards,Handler-specific; inspect cited symbol,Handler-specific; uploads/renders may write files,Handler-specific; analysis/transcription/RAG routes may call providers,IMPLEMENTED_AND_CONNECTED,backend/app/api/routes/videos.py:1106 update_plan_end_cards
rendering/export,GET,/api/v1/export/presets,Get export presets,None/path-query only,ExportPresetCatalogResponse,None implemented,No direct static match found,get_export_presets,Handler-specific; inspect cited symbol,Handler-specific; uploads/renders may write files,Handler-specific; analysis/transcription/RAG routes may call providers,IMPLEMENTED_AND_CONNECTED,backend/app/api/routes/videos.py:1129 get_export_presets
edit plans,POST,/api/v1/videos/{video_id}/plan/approve,Approve edit plan,video_id: str,handler-defined,None implemented,No direct static match found,approve_edit_plan,Handler-specific; inspect cited symbol,Handler-specific; uploads/renders may write files,Handler-specific; analysis/transcription/RAG routes may call providers,IMPLEMENTED_AND_CONNECTED,backend/app/api/routes/videos.py:1135 approve_edit_plan
rendering/export,POST,/api/v1/videos/{video_id}/render/cancel,Cancel render,video_id: str,handler-defined,None implemented,No direct static match found,cancel_render,Handler-specific; inspect cited symbol,Handler-specific; uploads/renders may write files,Handler-specific; analysis/transcription/RAG routes may call providers,IMPLEMENTED_AND_CONNECTED,backend/app/api/routes/videos.py:1206 cancel_render
edit plans,POST,/api/v1/videos/{video_id}/plan/revalidate,Revalidate plan,video_id: str,handler-defined,None implemented,No direct static match found,revalidate_plan,Handler-specific; inspect cited symbol,Handler-specific; uploads/renders may write files,Handler-specific; analysis/transcription/RAG routes may call providers,IMPLEMENTED_AND_CONNECTED,backend/app/api/routes/videos.py:1262 revalidate_plan
rendering/export,GET,/api/v1/videos/{video_id}/chapters,Get chapters,video_id: str,TopicSegmentationResponse,None implemented,desktop/src/lib/api.ts:792 getChapters,get_chapters,Handler-specific; inspect cited symbol,Handler-specific; uploads/renders may write files,Handler-specific; analysis/transcription/RAG routes may call providers,IMPLEMENTED_AND_CONNECTED,backend/app/api/routes/videos.py:1281 get_chapters
rendering/export,POST,/api/v1/videos/{video_id}/section-clips/export,Export section clips,video_id: str,handler-defined,None implemented,No direct static match found,export_section_clips,Handler-specific; inspect cited symbol,Handler-specific; uploads/renders may write files,Handler-specific; analysis/transcription/RAG routes may call providers,IMPLEMENTED_AND_CONNECTED,backend/app/api/routes/videos.py:1337 export_section_clips
videos,GET,/api/v1/videos/{video_id}/section-clips/manifest,Download section clip manifest,video_id: str,handler-defined,None implemented,No direct static match found,download_section_clip_manifest,Handler-specific; inspect cited symbol,Handler-specific; uploads/renders may write files,Handler-specific; analysis/transcription/RAG routes may call providers,IMPLEMENTED_AND_CONNECTED,backend/app/api/routes/videos.py:1400 download_section_clip_manifest
videos,GET,/api/v1/videos/{video_id}/section-clips/{clip_index}/download,Download section clip,video_id: str; clip_index: int,handler-defined,None implemented,No direct static match found,download_section_clip,Handler-specific; inspect cited symbol,Handler-specific; uploads/renders may write files,Handler-specific; analysis/transcription/RAG routes may call providers,IMPLEMENTED_AND_CONNECTED,backend/app/api/routes/videos.py:1411 download_section_clip
evaluation/logging,GET,/api/v1/videos/{video_id}/report,Get quality report,video_id: str,handler-defined,None implemented,No direct static match found,get_quality_report,Handler-specific; inspect cited symbol,Handler-specific; uploads/renders may write files,Handler-specific; analysis/transcription/RAG routes may call providers,IMPLEMENTED_AND_CONNECTED,backend/app/api/routes/videos.py:1501 get_quality_report
evaluation/logging,GET,/api/v1/videos/{video_id}/mode-comparison,Get mode comparison report,video_id: str,handler-defined,None implemented,No direct static match found,get_mode_comparison_report,Handler-specific; inspect cited symbol,Handler-specific; uploads/renders may write files,Handler-specific; analysis/transcription/RAG routes may call providers,IMPLEMENTED_AND_CONNECTED,backend/app/api/routes/videos.py:1510 get_mode_comparison_report
assets,POST,/api/v1/materials/upload,Upload course material,file: UploadFile,CourseMaterialUploadResponse,None implemented,No direct static match found,upload_course_material,Handler-specific; inspect cited symbol,Handler-specific; uploads/renders may write files,Handler-specific; analysis/transcription/RAG routes may call providers,IMPLEMENTED_AND_CONNECTED,backend/app/api/routes/videos.py:1520 upload_course_material
materials/RAG,GET,/api/v1/materials,List course materials,None/path-query only,None,None implemented,No direct static match found,list_course_materials,Handler-specific; inspect cited symbol,Handler-specific; uploads/renders may write files,Handler-specific; analysis/transcription/RAG routes may call providers,IMPLEMENTED_AND_CONNECTED,backend/app/api/routes/videos.py:1593 list_course_materials
materials/RAG,DELETE,/api/v1/materials/{material_id},Delete course material,material_id: str,handler-defined,None implemented,No direct static match found,delete_course_material,Handler-specific; inspect cited symbol,Handler-specific; uploads/renders may write files,Handler-specific; analysis/transcription/RAG routes may call providers,IMPLEMENTED_AND_CONNECTED,backend/app/api/routes/videos.py:1602 delete_course_material
health/settings,GET,/api/v1/settings,Get settings,None/path-query only,AppSettingsResponse,None implemented,desktop/src/lib/api.ts:837 getSettings; desktop/src/lib/api.ts:841 getAISettings; desktop/src/lib/api.ts:845 updateAISettings,get_settings,Handler-specific; inspect cited symbol,Handler-specific; uploads/renders may write files,Handler-specific; analysis/transcription/RAG routes may call providers,IMPLEMENTED_AND_CONNECTED,backend/app/api/routes/videos.py:1625 get_settings
health/settings,GET,/api/v1/settings/ai,Get ai settings,None/path-query only,AppSettingsResponse,None implemented,No direct static match found,get_ai_settings,Handler-specific; inspect cited symbol,Handler-specific; uploads/renders may write files,Handler-specific; analysis/transcription/RAG routes may call providers,IMPLEMENTED_AND_CONNECTED,backend/app/api/routes/videos.py:1632 get_ai_settings
health/settings,PUT,/api/v1/settings/ai,Update settings,None/path-query only,AppSettingsResponse,None implemented,No direct static match found,update_settings,Handler-specific; inspect cited symbol,Handler-specific; uploads/renders may write files,Handler-specific; analysis/transcription/RAG routes may call providers,IMPLEMENTED_AND_CONNECTED,backend/app/api/routes/videos.py:1639 update_settings
health/settings,PUT,/api/v1/settings/domain-terms,Update domain terms,None/path-query only,handler-defined,None implemented,No direct static match found,update_domain_terms,Handler-specific; inspect cited symbol,Handler-specific; uploads/renders may write files,Handler-specific; analysis/transcription/RAG routes may call providers,IMPLEMENTED_AND_CONNECTED,backend/app/api/routes/videos.py:1648 update_domain_terms
videos,GET,/api/v1/videos/{video_id}/stream,Stream original video,video_id: str,handler-defined,None implemented,No direct static match found,stream_original_video,Handler-specific; inspect cited symbol,Handler-specific; uploads/renders may write files,Handler-specific; analysis/transcription/RAG routes may call providers,IMPLEMENTED_AND_CONNECTED,backend/app/api/routes/videos.py:1674 stream_original_video
rendering/export,GET,/api/v1/videos/{video_id}/download,Download rendered video,video_id: str,handler-defined,None implemented,No direct static match found,download_rendered_video,Handler-specific; inspect cited symbol,Handler-specific; uploads/renders may write files,Handler-specific; analysis/transcription/RAG routes may call providers,IMPLEMENTED_AND_CONNECTED,backend/app/api/routes/videos.py:1692 download_rendered_video
rendering/export,GET,/api/v1/videos/{video_id}/subtitles,Download subtitles,video_id: str,handler-defined,None implemented,No direct static match found,download_subtitles,Handler-specific; inspect cited symbol,Handler-specific; uploads/renders may write files,Handler-specific; analysis/transcription/RAG routes may call providers,IMPLEMENTED_AND_CONNECTED,backend/app/api/routes/videos.py:1728 download_subtitles
rendering/export,GET,/api/v1/videos/{video_id}/subtitles/vtt,Download subtitles vtt,video_id: str,handler-defined,None implemented,No direct static match found,download_subtitles_vtt,Handler-specific; inspect cited symbol,Handler-specific; uploads/renders may write files,Handler-specific; analysis/transcription/RAG routes may call providers,IMPLEMENTED_AND_CONNECTED,backend/app/api/routes/videos.py:1744 download_subtitles_vtt
rendering/export,GET,/api/v1/videos/{video_id}/chapters/download,Download chapters,video_id: str,handler-defined,None implemented,No direct static match found,download_chapters,Handler-specific; inspect cited symbol,Handler-specific; uploads/renders may write files,Handler-specific; analysis/transcription/RAG routes may call providers,IMPLEMENTED_AND_CONNECTED,backend/app/api/routes/videos.py:1760 download_chapters
edit plans,GET,/api/v1/videos/{video_id}/plan/export,Download plan export,video_id: str,handler-defined,None implemented,No direct static match found,download_plan_export,Handler-specific; inspect cited symbol,Handler-specific; uploads/renders may write files,Handler-specific; analysis/transcription/RAG routes may call providers,IMPLEMENTED_AND_CONNECTED,backend/app/api/routes/videos.py:1776 download_plan_export
rendering/export,GET,/api/v1/videos/{video_id}/report/export,Download quality report export,video_id: str,handler-defined,None implemented,No direct static match found,download_quality_report_export,Handler-specific; inspect cited symbol,Handler-specific; uploads/renders may write files,Handler-specific; analysis/transcription/RAG routes may call providers,IMPLEMENTED_AND_CONNECTED,backend/app/api/routes/videos.py:1792 download_quality_report_export
rendering/export,GET,/api/v1/videos/{video_id}/mode-comparison/export,Download mode comparison export,video_id: str,handler-defined,None implemented,No direct static match found,download_mode_comparison_export,Handler-specific; inspect cited symbol,Handler-specific; uploads/renders may write files,Handler-specific; analysis/transcription/RAG routes may call providers,IMPLEMENTED_AND_CONNECTED,backend/app/api/routes/videos.py:1809 download_mode_comparison_export
evaluation/logging,GET,/api/v1/videos/{video_id}/mode-comparison/summary,Download mode comparison summary,video_id: str,handler-defined,None implemented,No direct static match found,download_mode_comparison_summary,Handler-specific; inspect cited symbol,Handler-specific; uploads/renders may write files,Handler-specific; analysis/transcription/RAG routes may call providers,IMPLEMENTED_AND_CONNECTED,backend/app/api/routes/videos.py:1826 download_mode_comparison_summary
rendering/export,GET,/api/v1/videos/{video_id}/evidence/export,Download academic evidence export,video_id: str,handler-defined,None implemented,No direct static match found,download_academic_evidence_export,Handler-specific; inspect cited symbol,Handler-specific; uploads/renders may write files,Handler-specific; analysis/transcription/RAG routes may call providers,IMPLEMENTED_AND_CONNECTED,backend/app/api/routes/videos.py:1843 download_academic_evidence_export
videos,GET,/api/v1/videos/{video_id}/evidence/summary,Download academic evidence summary,video_id: str,handler-defined,None implemented,No direct static match found,download_academic_evidence_summary,Handler-specific; inspect cited symbol,Handler-specific; uploads/renders may write files,Handler-specific; analysis/transcription/RAG routes may call providers,IMPLEMENTED_AND_CONNECTED,backend/app/api/routes/videos.py:1860 download_academic_evidence_summary
evaluation/logging,GET,/api/v1/videos/{video_id}/evidence/before-after,Download before after comparison,video_id: str,handler-defined,None implemented,No direct static match found,download_before_after_comparison,Handler-specific; inspect cited symbol,Handler-specific; uploads/renders may write files,Handler-specific; analysis/transcription/RAG routes may call providers,IMPLEMENTED_AND_CONNECTED,backend/app/api/routes/videos.py:1877 download_before_after_comparison
videos,GET,/api/v1/videos/{video_id}/evidence/timeline-decisions,Download timeline decisions,video_id: str,handler-defined,None implemented,No direct static match found,download_timeline_decisions,Handler-specific; inspect cited symbol,Handler-specific; uploads/renders may write files,Handler-specific; analysis/transcription/RAG routes may call providers,IMPLEMENTED_AND_CONNECTED,backend/app/api/routes/videos.py:1894 download_timeline_decisions
videos,GET,/api/v1/videos/{video_id}/evidence/provider-mode,Download provider mode trace,video_id: str,handler-defined,None implemented,No direct static match found,download_provider_mode_trace,Handler-specific; inspect cited symbol,Handler-specific; uploads/renders may write files,Handler-specific; analysis/transcription/RAG routes may call providers,IMPLEMENTED_AND_CONNECTED,backend/app/api/routes/videos.py:1911 download_provider_mode_trace
evaluation/logging,GET,/api/v1/videos/{video_id}/evidence/metrics-summary,Download metrics summary,video_id: str,handler-defined,None implemented,No direct static match found,download_metrics_summary,Handler-specific; inspect cited symbol,Handler-specific; uploads/renders may write files,Handler-specific; analysis/transcription/RAG routes may call providers,IMPLEMENTED_AND_CONNECTED,backend/app/api/routes/videos.py:1928 download_metrics_summary
videos,GET,/api/v1/videos/{video_id}/evidence/bundle,Download academic evidence bundle,video_id: str,handler-defined,None implemented,No direct static match found,download_academic_evidence_bundle,Handler-specific; inspect cited symbol,Handler-specific; uploads/renders may write files,Handler-specific; analysis/transcription/RAG routes may call providers,IMPLEMENTED_AND_CONNECTED,backend/app/api/routes/videos.py:1945 download_academic_evidence_bundle
rendering/export,GET,/api/v1/videos/{video_id}/exports,List exports,video_id: str,handler-defined,None implemented,desktop/src/lib/api.ts:906 exportSectionClips,list_exports,Handler-specific; inspect cited symbol,Handler-specific; uploads/renders may write files,Handler-specific; analysis/transcription/RAG routes may call providers,IMPLEMENTED_AND_CONNECTED,backend/app/api/routes/videos.py:1964 list_exports
videos,GET,/,Root,None/path-query only,handler-defined,None implemented,No direct static match found,root,Handler-specific; inspect cited symbol,Handler-specific; uploads/renders may write files,Handler-specific; analysis/transcription/RAG routes may call providers,IMPLEMENTED_AND_CONNECTED,backend/app/main.py:98 root
health/settings,GET,/health,Health check,None/path-query only,handler-defined,None implemented,No direct static match found,health_check,Handler-specific; inspect cited symbol,Handler-specific; uploads/renders may write files,Handler-specific; analysis/transcription/RAG routes may call providers,IMPLEMENTED_AND_CONNECTED,backend/app/main.py:108 health_check
