frontend_function,frontend_evidence,backend_route_match,mapping_status,notes
isNativeDesktop,desktop/src/lib/api.ts:246,Manual route inspection required,IMPLEMENTED_AND_CONNECTED,Static name-based mapping; API_ENDPOINTS.csv is authoritative for backend declarations.
getAppStorageLayout,desktop/src/lib/api.ts:256,Manual route inspection required,IMPLEMENTED_AND_CONNECTED,Static name-based mapping; API_ENDPOINTS.csv is authoritative for backend declarations.
bootstrapDesktopBackend,desktop/src/lib/api.ts:261,Manual route inspection required,IMPLEMENTED_AND_CONNECTED,Static name-based mapping; API_ENDPOINTS.csv is authoritative for backend declarations.
pickNativePrimaryVideoPath,desktop/src/lib/api.ts:266,Manual route inspection required,IMPLEMENTED_AND_CONNECTED,Static name-based mapping; API_ENDPOINTS.csv is authoritative for backend declarations.
listenToNativeImportProgress,desktop/src/lib/api.ts:281,Manual route inspection required,IMPLEMENTED_AND_CONNECTED,Static name-based mapping; API_ENDPOINTS.csv is authoritative for backend declarations.
startNativePrimaryImport,desktop/src/lib/api.ts:290,Manual route inspection required,IMPLEMENTED_AND_CONNECTED,Static name-based mapping; API_ENDPOINTS.csv is authoritative for backend declarations.
cancelNativeImport,desktop/src/lib/api.ts:302,Manual route inspection required,IMPLEMENTED_AND_CONNECTED,Static name-based mapping; API_ENDPOINTS.csv is authoritative for backend declarations.
createProject,desktop/src/lib/api.ts:307,Manual route inspection required,IMPLEMENTED_AND_CONNECTED,Static name-based mapping; API_ENDPOINTS.csv is authoritative for backend declarations.
listProjects,desktop/src/lib/api.ts:314,Manual route inspection required,IMPLEMENTED_AND_CONNECTED,Static name-based mapping; API_ENDPOINTS.csv is authoritative for backend declarations.
getProject,desktop/src/lib/api.ts:318,Manual route inspection required,IMPLEMENTED_AND_CONNECTED,Static name-based mapping; API_ENDPOINTS.csv is authoritative for backend declarations.
updateProject,desktop/src/lib/api.ts:322,Manual route inspection required,IMPLEMENTED_AND_CONNECTED,Static name-based mapping; API_ENDPOINTS.csv is authoritative for backend declarations.
deleteProject,desktop/src/lib/api.ts:329,Manual route inspection required,IMPLEMENTED_AND_CONNECTED,Static name-based mapping; API_ENDPOINTS.csv is authoritative for backend declarations.
listProjectAssets,desktop/src/lib/api.ts:333,Manual route inspection required,IMPLEMENTED_AND_CONNECTED,Static name-based mapping; API_ENDPOINTS.csv is authoritative for backend declarations.
getProjectSourceSyncPlan,desktop/src/lib/api.ts:337,Manual route inspection required,IMPLEMENTED_AND_CONNECTED,Static name-based mapping; API_ENDPOINTS.csv is authoritative for backend declarations.
applyProjectSourceSyncMetadata,desktop/src/lib/api.ts:341,Manual route inspection required,IMPLEMENTED_AND_CONNECTED,Static name-based mapping; API_ENDPOINTS.csv is authoritative for backend declarations.
updateProjectAssetSyncOffset,desktop/src/lib/api.ts:348,Manual route inspection required,IMPLEMENTED_AND_CONNECTED,Static name-based mapping; API_ENDPOINTS.csv is authoritative for backend declarations.
updateProjectAssetMetadata,desktop/src/lib/api.ts:359,Manual route inspection required,IMPLEMENTED_AND_CONNECTED,Static name-based mapping; API_ENDPOINTS.csv is authoritative for backend declarations.
uploadProjectAsset,desktop/src/lib/api.ts:370,Manual route inspection required,IMPLEMENTED_AND_CONNECTED,Static name-based mapping; API_ENDPOINTS.csv is authoritative for backend declarations.
uploadProjectPrimaryVideo,desktop/src/lib/api.ts:394,Manual route inspection required,IMPLEMENTED_AND_CONNECTED,Static name-based mapping; API_ENDPOINTS.csv is authoritative for backend declarations.
deleteProjectAsset,desktop/src/lib/api.ts:539,Manual route inspection required,IMPLEMENTED_AND_CONNECTED,Static name-based mapping; API_ENDPOINTS.csv is authoritative for backend declarations.
uploadVideo,desktop/src/lib/api.ts:551,Manual route inspection required,IMPLEMENTED_AND_CONNECTED,Static name-based mapping; API_ENDPOINTS.csv is authoritative for backend declarations.
startVideoProcessing,desktop/src/lib/api.ts:564,Manual route inspection required,IMPLEMENTED_AND_CONNECTED,Static name-based mapping; API_ENDPOINTS.csv is authoritative for backend declarations.
listVideos,desktop/src/lib/api.ts:568,Manual route inspection required,IMPLEMENTED_AND_CONNECTED,Static name-based mapping; API_ENDPOINTS.csv is authoritative for backend declarations.
getVideo,desktop/src/lib/api.ts:572,Manual route inspection required,IMPLEMENTED_AND_CONNECTED,Static name-based mapping; API_ENDPOINTS.csv is authoritative for backend declarations.
getProcessingStatus,desktop/src/lib/api.ts:576,Manual route inspection required,IMPLEMENTED_AND_CONNECTED,Static name-based mapping; API_ENDPOINTS.csv is authoritative for backend declarations.
getTranscriptTimeline,desktop/src/lib/api.ts:580,Manual route inspection required,IMPLEMENTED_AND_CONNECTED,Static name-based mapping; API_ENDPOINTS.csv is authoritative for backend declarations.
getTranscriptCutDecisions,desktop/src/lib/api.ts:584,Manual route inspection required,IMPLEMENTED_AND_CONNECTED,Static name-based mapping; API_ENDPOINTS.csv is authoritative for backend declarations.
createTranscriptCutDecision,desktop/src/lib/api.ts:588,Manual route inspection required,IMPLEMENTED_AND_CONNECTED,Static name-based mapping; API_ENDPOINTS.csv is authoritative for backend declarations.
deleteTranscriptCutDecision,desktop/src/lib/api.ts:598,Manual route inspection required,IMPLEMENTED_AND_CONNECTED,Static name-based mapping; API_ENDPOINTS.csv is authoritative for backend declarations.
updateTranscriptCutTrim,desktop/src/lib/api.ts:604,Manual route inspection required,IMPLEMENTED_AND_CONNECTED,Static name-based mapping; API_ENDPOINTS.csv is authoritative for backend declarations.
restoreTranscriptCutWord,desktop/src/lib/api.ts:615,Manual route inspection required,IMPLEMENTED_AND_CONNECTED,Static name-based mapping; API_ENDPOINTS.csv is authoritative for backend declarations.
getEditDecisionSync,desktop/src/lib/api.ts:626,Manual route inspection required,IMPLEMENTED_AND_CONNECTED,Static name-based mapping; API_ENDPOINTS.csv is authoritative for backend declarations.
analyzeCleanSuggestions,desktop/src/lib/api.ts:634,Manual route inspection required,IMPLEMENTED_AND_CONNECTED,Static name-based mapping; API_ENDPOINTS.csv is authoritative for backend declarations.
applyCleanSuggestions,desktop/src/lib/api.ts:641,Manual route inspection required,IMPLEMENTED_AND_CONNECTED,Static name-based mapping; API_ENDPOINTS.csv is authoritative for backend declarations.
getSegments,desktop/src/lib/api.ts:657,Manual route inspection required,IMPLEMENTED_AND_CONNECTED,Static name-based mapping; API_ENDPOINTS.csv is authoritative for backend declarations.
updateSegment,desktop/src/lib/api.ts:661,Manual route inspection required,IMPLEMENTED_AND_CONNECTED,Static name-based mapping; API_ENDPOINTS.csv is authoritative for backend declarations.
bulkUpdateSegments,desktop/src/lib/api.ts:678,Manual route inspection required,IMPLEMENTED_AND_CONNECTED,Static name-based mapping; API_ENDPOINTS.csv is authoritative for backend declarations.
getEditPlan,desktop/src/lib/api.ts:692,Manual route inspection required,IMPLEMENTED_AND_CONNECTED,Static name-based mapping; API_ENDPOINTS.csv is authoritative for backend declarations.
getSemanticRenderPlan,desktop/src/lib/api.ts:696,Manual route inspection required,IMPLEMENTED_AND_CONNECTED,Static name-based mapping; API_ENDPOINTS.csv is authoritative for backend declarations.
regenerateSemanticRenderPlan,desktop/src/lib/api.ts:700,Manual route inspection required,IMPLEMENTED_AND_CONNECTED,Static name-based mapping; API_ENDPOINTS.csv is authoritative for backend declarations.
updateCaptionPolicy,desktop/src/lib/api.ts:704,Manual route inspection required,IMPLEMENTED_AND_CONNECTED,Static name-based mapping; API_ENDPOINTS.csv is authoritative for backend declarations.
updateLayoutCues,desktop/src/lib/api.ts:711,Manual route inspection required,IMPLEMENTED_AND_CONNECTED,Static name-based mapping; API_ENDPOINTS.csv is authoritative for backend declarations.
updateSlideCues,desktop/src/lib/api.ts:718,Manual route inspection required,IMPLEMENTED_AND_CONNECTED,Static name-based mapping; API_ENDPOINTS.csv is authoritative for backend declarations.
updateEditorialBlocks,desktop/src/lib/api.ts:725,Manual route inspection required,IMPLEMENTED_AND_CONNECTED,Static name-based mapping; API_ENDPOINTS.csv is authoritative for backend declarations.
autoGenerateLayoutCues,desktop/src/lib/api.ts:732,Manual route inspection required,IMPLEMENTED_AND_CONNECTED,Static name-based mapping; API_ENDPOINTS.csv is authoritative for backend declarations.
updateAnnotations,desktop/src/lib/api.ts:739,Manual route inspection required,IMPLEMENTED_AND_CONNECTED,Static name-based mapping; API_ENDPOINTS.csv is authoritative for backend declarations.
updateEducationalOverlays,desktop/src/lib/api.ts:746,Manual route inspection required,IMPLEMENTED_AND_CONNECTED,Static name-based mapping; API_ENDPOINTS.csv is authoritative for backend declarations.
updateEndCards,desktop/src/lib/api.ts:756,Manual route inspection required,IMPLEMENTED_AND_CONNECTED,Static name-based mapping; API_ENDPOINTS.csv is authoritative for backend declarations.
getExportPresets,desktop/src/lib/api.ts:766,Manual route inspection required,IMPLEMENTED_AND_CONNECTED,Static name-based mapping; API_ENDPOINTS.csv is authoritative for backend declarations.
approvePlan,desktop/src/lib/api.ts:770,Manual route inspection required,IMPLEMENTED_AND_CONNECTED,Static name-based mapping; API_ENDPOINTS.csv is authoritative for backend declarations.
cancelRender,desktop/src/lib/api.ts:784,Manual route inspection required,IMPLEMENTED_AND_CONNECTED,Static name-based mapping; API_ENDPOINTS.csv is authoritative for backend declarations.
revalidatePlan,desktop/src/lib/api.ts:788,Manual route inspection required,IMPLEMENTED_AND_CONNECTED,Static name-based mapping; API_ENDPOINTS.csv is authoritative for backend declarations.
getChapters,desktop/src/lib/api.ts:792,Manual route inspection required,IMPLEMENTED_AND_CONNECTED,Static name-based mapping; API_ENDPOINTS.csv is authoritative for backend declarations.
getQualityReport,desktop/src/lib/api.ts:800,Manual route inspection required,IMPLEMENTED_AND_CONNECTED,Static name-based mapping; API_ENDPOINTS.csv is authoritative for backend declarations.
getModeComparisonReport,desktop/src/lib/api.ts:804,Manual route inspection required,IMPLEMENTED_AND_CONNECTED,Static name-based mapping; API_ENDPOINTS.csv is authoritative for backend declarations.
uploadMaterial,desktop/src/lib/api.ts:812,Manual route inspection required,IMPLEMENTED_AND_CONNECTED,Static name-based mapping; API_ENDPOINTS.csv is authoritative for backend declarations.
listMaterials,desktop/src/lib/api.ts:825,Manual route inspection required,IMPLEMENTED_AND_CONNECTED,Static name-based mapping; API_ENDPOINTS.csv is authoritative for backend declarations.
deleteMaterial,desktop/src/lib/api.ts:829,Manual route inspection required,IMPLEMENTED_AND_CONNECTED,Static name-based mapping; API_ENDPOINTS.csv is authoritative for backend declarations.
getSettings,desktop/src/lib/api.ts:837,Manual route inspection required,IMPLEMENTED_AND_CONNECTED,Static name-based mapping; API_ENDPOINTS.csv is authoritative for backend declarations.
getAISettings,desktop/src/lib/api.ts:841,Manual route inspection required,IMPLEMENTED_AND_CONNECTED,Static name-based mapping; API_ENDPOINTS.csv is authoritative for backend declarations.
updateAISettings,desktop/src/lib/api.ts:845,Manual route inspection required,IMPLEMENTED_AND_CONNECTED,Static name-based mapping; API_ENDPOINTS.csv is authoritative for backend declarations.
updateDomainTerms,desktop/src/lib/api.ts:852,Manual route inspection required,IMPLEMENTED_AND_CONNECTED,Static name-based mapping; API_ENDPOINTS.csv is authoritative for backend declarations.
getLocalTranscriptionModels,desktop/src/lib/api.ts:858,Manual route inspection required,IMPLEMENTED_AND_CONNECTED,Static name-based mapping; API_ENDPOINTS.csv is authoritative for backend declarations.
downloadLocalTranscriptionModel,desktop/src/lib/api.ts:862,Manual route inspection required,IMPLEMENTED_AND_CONNECTED,Static name-based mapping; API_ENDPOINTS.csv is authoritative for backend declarations.
getLocalTranscriptionModelDownload,desktop/src/lib/api.ts:872,Manual route inspection required,IMPLEMENTED_AND_CONNECTED,Static name-based mapping; API_ENDPOINTS.csv is authoritative for backend declarations.
removeLocalTranscriptionModel,desktop/src/lib/api.ts:878,Manual route inspection required,IMPLEMENTED_AND_CONNECTED,Static name-based mapping; API_ENDPOINTS.csv is authoritative for backend declarations.
exportSectionClips,desktop/src/lib/api.ts:906,Manual route inspection required,IMPLEMENTED_AND_CONNECTED,Static name-based mapping; API_ENDPOINTS.csv is authoritative for backend declarations.
